DisplayName,ChannelID
01bd02,597621638
alelu,195343482
annoying,92372244
1drakonz,118787650
abdulhd,42546908
alanzoka,38244180
alenenwooptv,137753119
alexelcapo,36138196
aminematue,407388596
andypsx,70142975
anny,56418014
ac7ionman,124467382
aiekillu,27085209
aimlul,63828424
anniefuchsia,61294188
anton,63880003
adrianachechik_,457124238
alanzq,102845655
alliance_hakis,27268093
alinity,38718052
anomaly,76508554
95pingman,138117155
aimdll__,124368186
al3od,412271003
acie,184336761
admiralbulldog,30816637
agentsrange,539061618
alberee,521892217
annacramling,485234908
5up,86061418
9qoq,188490730
abuswe7l,230301324
annemunition,51533859
apexerpinky,445599450
aa9skillz,20993498
alfie,24138907
ao_o5,495591197
akanemsko,180671441
albralelie,112868442
alphacast,94435040
animal_n01,115821061
a_seagull,19070311
aarononair,26484662
admiralbahroo,40972890
aba4647,29654002
ampeterby7,77649106
anna_chess,180861765
8cho,93132142
9ambler,130445097
a541021,25236843
alkaizerx,35916854
alliedesports,419619583
amouranth,125387632
andreadel1988,198633705
annitheduck,126884070
absoluttlol,105278736
adeptthebest,116885541
agraelus,36620767
alliege,243963817
9impulse,129631469
alexby11,19942092
alfrea,45839490
adal,143794475
agentemaxo,210485458
ahrinyan,84594988
aimsey,192434734
109ace,102900195
a1taoda,51435464
acro_land,112610505
agbin3r,28344564
agustabell212,114772787
altair,190708734
amar,67931625
apryze,45698099
10000days,43414943
2chamcham2,133923936
adrive,14339949
aquafps,134666774
anthony_kongphan,21588571
aceu,88946548
alexclick,89284114
almxnd,99196611
alphasniper97,29810567
antoinedaniel,135468063
actingliketommy,232402813
airshowerse,101507797
alixxa,100372176
albislol,17858826
alohadancetv,46571894
amaru,219431490
amaz,43356746
anthonyz,119415848
agurin,31545223
aircool,178238725
ajehr,138240340
allkeyshop_tv,198461840
anastasia_rose_official,503630305
angrypug,63164470
39daph,160504245
crazyraccoonyy,174700590
aktep,49495142
blackmediapresents,63904921
back2warcraft,24657677
bastighg,38121996
bebe872,419496016
axtlol,41783889
ayarbaffo,417900560
barbarousking,56865374
bbonge_,148871475
bighead033,122754132
asmodaitv,52968416
asmongold,26261471
attacker,65172949
blackelespanolito,68124914
bigdumbgaming,254733678
bigspincr,144798294
aspiringspike,49608470
bamow,48851818
bengal,30255906
aussieantics,224539819
aypierre,29753247
belvid,157460668
aydan,120244187
ayzenlr,217715744
azra,414507208
bananabrea,89486159
beamtwitch,79918954
asmr_marie,430708432
automaticjak,39459577
awesamdude,48022358
becca,35824977
biotox,26029516
axozer,133528221
badboyhalo,569342750
balerostyle,36495270
baso,38974476
bawkbasoup,48533154
arex,83435622
artosis,6896654
asianguystream,85948772
bbbb87,128222917
barcagamer,123042641
bearpig,457562328
beatberry_314,198860406
berkriptepe,29512470
beyondthesummit,29578325
aroyitt,178203816
arrumieshannon,495712042
averagejonas,124304147
bikeman,32409994
aquino,93455889
asunaweeb,48389176
bigiraq,223010731
aurateur,107536229
bananirou,83953406
ben_,27369897
bichard,121192207
bigpuffer,41616317
arcadebulls,102440358
arcadum,26241991
arilyna,95904326
b0aty,27107346
benjyfishy,66983298
blackoutz,156961894
blanchitooo,241581961
ariasaki,62510206
aversionde,466124489
ayyjayy,155703758
avoidingthepuddle,23528098
bao,110059426
bazza,102777268
beaulo,38553197
beryl_lulu,70760718
atrioc,23211159
auronplay,459331509
autumn,81033995
blast,182144693
ash,60198919
bananaslamjamma,51229960
beelce1,256046222
baianons,225339312
bajheera,22916751
belky,70876498
biyin_,579785040
blackufa,98742675
artesianbuilds,96061540
ayezee,67320923
baedony,172879061
bebelolz,29826549
bibixhd,35685209
bking0921,271313368
awfdota,53657951
baiano,140772558
bateson87,28369163
beniju03,195376105
berritv,144354306
arab,123067038
attrix,63740412
autophil,443006955
bichouu_,173066877
bigex,415249792
bullseye,187468813
burkeblack,44338537
cachorro1337c,178509542
capcomfighters,36616300
cheatbanned,42049440
cdawgva,45098797
cdnthe3rd,14408894
blusewilly_retry,24765850
bobbypoffgaming,212682921
bratishkinoff,99899949
bren_tm2,89311693
btmc,46708418
bugha,82524912
chefstrobel,138310362
calango,58393005
casimito,254489093
boblegob,89890241
borraskka,110673901
boyminoru,118336478
brozime,35833485
buozzi,94854762
c9judite,72960162
cblol,36511475
central_committee,109118789
booya,193365768
boxyfresh,130404073
breitenberg,157093286
brino,431679357
broeki,41372534
bustin,73516344
blau,52959392
brookeab,214560121
caprimint,59131475
cdewx,24666044
butterflyouo,67021979
caiowinkle,423610317
blck_taisheen,185199494
blou,610611496
boltz,53052202
boomerna,36156571
botezlive,127550308
buster,86277097
cashmeow,152429316
blazt,55649801
carola,110405254
cepreu_inq,51529432
cesarvsc,69890705
blazx,125260461
boxbox,38881685
breeze0920,40827340
bonjwa,73437396
bronx,54121470
by_owl,47966045
carljrtm,44784857
chabrikk,675980762
c_a_k_e,43899589
calebdmtg,35758713
castro_1021,52091823
cathfawr,182857208
blitzstream,49632767
brizz94,87041939
brucedropemoff,88084663
buerinho,189139646
bum1six3,3713327
bystaxx,25690271
caedrel,92038375
carmen,158577991
bldcs,134648408
bobross,105458682
bratiki94,270259727
brawlhalla,75346877
brucegrannec,31813025
brycent,106079307
cedduzzo,92463701
cellbit,28579002
bokoen,52172280
brothers_baseball,503598254
buckefps,120679071
captainpuffy,24338391
captainsparklez,15554591
chap,192678094
calebhart42,20508512
carritoskami,61835123
cerbero_podcast,264708119
c0ker,193767346
camak,30396958
bmkibler,25871845
bnans,110176631
bobqinxd,46257960
brasilfpss,270114393
btsbrasiltv,124021995
c_jane,491994170
carry_game,498599190
ch1ckenkun,106961925
bonkol,22386881
bruisedbygod,168525296
bt0tv,22336099
btssmash,214062798
buddha,136765278
casinodaddy,121228500
chusommontero,26464160
conducteir77,118291244
cydonia_chiara,181713478
day9tv,18587270
chloee_fitgamer,507354293
cr_rion,151409846
crazyfacetw,121521701
crown,466082849
cyrustwo,41108115
dakotaz,39298218
cpentagon,544788954
criticalrole,229729353
d_obby,134301181
chiawei1031tv,204827413
codemiko,500128827
crazzyccat,217868850
crokeyz,22959224
d3stri,36094496
coconutb,56395702
collet11,81478902
complexity,268652
cope,44930725
crouching_tuna,112672940
dasmehdi,31557869
chess24,75322837
conterstine,49914195
cyr,37522866
datmodz,24124090
classybeef,402991688
consul,48642944
cooldog0725,125892770
cr1tdota,32420547
daddydimmutv,36829241
dahmien7,113080650
chess,7601562
corpse_husband,585856958
coscu,36473331
dariomocciatwitch,53065331
davyjones,39795492
cloakzy,81687332
co1azo,212744599
cohhcarnage,26610234
creativemonkeyz,64638702
criticas_qls,452785342
daltoosh,260722430
davidlafargeoff,407945713
cherrypach,83257026
chessbrah,25259668
chica,70661496
chilledchaos,9528182
choice,47972131
cidcidoso,138375255
cobaltstreak,31723226
criken,16689163
dansgaming,7236692
cned,31443685
corobizar,123020035
curvyelephant,138883340
cutedog_,110276214
davegaming73,141064779
dawnhs,102188531
chocotaco,69906737
clutch_fii,169539617
cmarty,77574065
completeditmate,122683820
coolifegame,42814514
coqto,188300205
coreano,128775333
cristianghost,149287198
crocodyletv,101234264
crystal_lol,62178548
cyberlivearena,484613295
danucd,189755167
dasoku_aniki,216351084
clix,233300375
complex,1251709
csrfps,131210325
daniels,45952312
daren,142179218
datto,42296879
chen810830,70985559
chesscomfr,117546026
chodan_,473634997
chowh1,117168642
clintstevens,86268118
coldzin,38590945
couriway,557148694
crream,2261919
crystalst,115983024
danoc0,193639721
dapr,46176210
dashducks,277624494
daxak,42061870
connoreatspants,37455669
crayator,50191268
crisheroes,94432456
cruelladk,62658190
czechcloud,31453284
dafran,41314239
darkviperau,57519051
ddahyoni,102381201
deadlyslob,12731745
dinablin,121023163
dinixgames,481241695
dizzykitten,47474524
elchiringuitotv,247401621
deansocool,25677980
desst3,431146848
destroy,53927878
dougdoug,31507411
dunduk,47124404
dyrus,30080751
diazbiffle,95055754
doctor_degen,476643128
dogswellfish,49233748
doublelift,40017619
dropsbyponk,131974742
dubudota,173950952
ekuegan,21700839
duendepablo,47939440
dennsen86,46786508
des0ut,39154501
detonator_robin,81296754
dezignful,431470138
dkwl025,185398814
drigo,51315079
dumbdog,31736255
eaddy_,217674862
eliasn97,238813810
elisawaves,506880770
denis3d,47796439
domingo,40063341
drjayfisto,43410417
dua3362,137728196
duduu027,195832813
elcanaldejoaco,430476278
drututt,57131280
ekatze007,466153965
dekar173,8026307
delux,63072834
dkayed,149727725
doktorfroid,58221890
dota2ruhub,100814397
dreadztv,31089858
elajjaz,26921830
echo_esports,558530984
elmariana,496795673
dda_ju,137736535
deercheerup,245622027
deuceace,547554019
dmitry_bale,130313947
drlupo,29829912
eaimaka,88208039
demonzz1,106318725
dogdog,60978448
doutora,266432203
drainerx,27031399
edopeh,72726363
dnd,32563943
domenicowaccoo,156203554
delt4forc3,31894912
dexbonus,20483303
deyyszn,411331824
diables,130271562
dmdtkadl69,137884624
dmf_kyochan,165572706
ds_lily,144926827
eazykee,100360329
edenitoo,136480781
elded,76385901
deathsie,100544756
desenhosbr,696529556
deusdaguerrarodrigo,402786416
dreamwastaken,657297676
drekzenn,65206102
efeuygac,103237625
dish,255567495
dmitry_lixxx,188890121
drgluon,56361303
derhauge,71753298
dmt_tv,122017703
dopa24,536083731
eduardo_hook,72414688
dougisraw,54498880
dvm_medja,132199022
ej_sa,26374918
dreamalt,261728433
drfeelgood,38350595
dekarldent,137907801
dendi,39176440
dhalucard,16064695
diegosaurs,73779954
disnof,46029485
divi,64949289
dskoopa,56962861
dutchsinseofficial,107939114
elbokeron,74547642
ellesmere_gaming,146094553
distortion2,36324138
dolphinchemist,23946146
elposhas_,474070323
elwycco,94849379
esl_wc3,130447455
eslcs_es,28608943
esports_alliance,196327334
farhadxray,280541454
flexz,39850052
elotrix,43286888
emongg,23220337
esamarathon,54739364
esfandtv,38746172
evonmoss,139848119
fire_kitchen,500770605
flurry1989,92371909
elrichmc,30651868
fairlight_excalibur,54989347
fandercs,174053656
fenohs,108604081
firedragon,40028988
fitzyhere,23155607
flight23white,51270104
esportmaniacos,99625250
eternalenvyy,26954716
fasoollka,425608057
faux,40980097
felps,30672329
emilyywang,36594525
eskc,183819202
esl_sc2,30220059
etalyx,28054687
evaanna,130784874
faah,147982491
faiar,93179860
failverde,23852822
elspreen,157658336
fanum,139251406
fares_salvatoree,679162237
fazesway,416689874
faker,43691
elwind,71761252
es4xtank,144663813
esl,67834893
esl_csgo,936264266
ezekiel_iii,14410317
fantabobshow,29188740
fengrush,94269217
elojoninja,39692658
fenya,102302893
falcodrin,39705645
flamuu,63867913
eybl3,703580466
etoiles,85800130
fl0m,25093116
flackjk,40950213
flamekr,141541560
et_1231,117348035
enzzai,467031116
euriece,206506086
emadgg,154526718
eryctriceps,85943836
exequiel,168059152
faide,51065352
falgwang,111849561
farfa,102680338
fextralife,156037856
flats,141429177
erobb221,96858382
enviosity,44390855
evelone192,39426641
excessiveprofanity,38640167
f1ashko,43578182
fanhots,42556012
fifatargrean,134039697
elxokas,31919607
elraenn,165080419
elreyguiri_f1,231579912
evo,30917811
faith,160538649
farfadoxvevo,224818031
fifakillvizualz,104659233
finaolive,415009669
elmiillor,44880944
eray,131403189
ethos,44558619
everyeyeit,52160263
farmhouse78,6864499
empyriangaming,48631915
exbc,67852884
florryworry,25270623
fobm4ster,31062476
esacarry,63162874
enkk,52443328
ewroon,82197170
fabrizioromano,683703013
facefoot,81423079
elweroking,211447548
fakemonster,90250629
fcsm_kefir,45190616
fiizy,169638772
ernesbarbeq,41879247
gensyxa,81623587
givinglifetop,116528496
gom4rt,149220653
fritterus,25058522
fundy,93028922
frankkaster,61504845
geef,51465465
giantwaffle,22552479
godjj,11561802
goldglove,1518077
gongparipa,84016053
follentass,230768385
fragnance,25084072
grimm,191043512
grubby,20992865
governor,83428908
grandpoobear,53831996
gohamedia,31809543
grafo,40266934
freyzplayz,409760532
georgeciupilan0,678061966
freemok2,227780908
gafallen,37287763
gemita,471811595
get_right,38024128
ghazzytv,23050280
fps_shaka,49207184
freakazoid,26959170
gamergirl,97782954
geefe,198337474
gnu_live,88006635
fortnite,55125740
gabi,746229857
greenish,176337442
gronkh,12875057
glorious_e,63304572
gobgg,40760591
gloriamatvien,188614162
gn_gg,95793204
godhunt,28295429
gamesdonequick,22510310
ggwplanaya,40256210
genius_mad,138383895
gordaopd,57608231
gotaga,24147592
fuji720x,42143654
gearbaby1010,162323092
foxenkin,452985358
froggen,38865133
frost_,140870994
ggbb528,35154593
gladd,81628627
foolish,145015519
forsen,22484632
froste,97186917
frttt,30458295
gackt_n,137362078
gernaderjake,1423946
granny,412027243
gratis150ml,52203144
forweark,184189096
francoescamillalive,458195235
garenatw,28462004
generalqw,89746245
georgenotfound,474849254
goes_x,228598214
gronkhtv,106159308
gskianto,150436863
fuslie,83402203
gabbodsq,45139193
galeguins,447773658
gaules,181077473
geksagen,100138916
gluhammer,36912126
gmhikaru,103268673
gonsabellla,405208912
fr_zod,252428210
fyrexxx,40261250
grimnax,16146075
grapplr,147375470
grimmmz,9679595
general_hs_,62651386
grenbaud,568747744
fpsthailand,38539112
genburten,135175880
franio,109027939
gamersclubcs,147734961
germench,68240113
gingitv,28241419
folagorlives,30857876
fragolaqt,139695853
gingy,94130217
goncho,114635439
gorgc,108268890
franchiseglobalart,525706750
gabbydm,214999550
gp_tv,52763608
grendy,41875213
fresh,38594688
gius,75373669
haxxnini,514457856
horcus,34371079
igorghk,23308993
iltw1,141477796
hjune,121111915
hutchmf,180118013
hyren7,130289619
ifrostbolt,77913099
gsmvoid,81764480
h920103,138094321
heystan,63736545
hisandherslive,24112133
icemanisaac,71445641
ikitty,86879544
ilame,87791915
imfiredup,44923106
guanweiboy,150989534
guit88man,25604128
hiko,26991127
hirona,39655944
harbleu,4329841
heikki360es,58573771
hejin0_0,143754803
hekokitaiworld,543114323
gustavocsgoyt,161342599
guzu,210983926
h3h3productions,62438432
hachubby,195166073
illojuan,90075649
ilmasseo,55933037
iamcristinini,123922797
idreau_,486205216
imaqtpie,24991333
gunguno,31673401
heyar,43043577
holak1337,32054323
hype,89408007
guddummit,159782005
hastad,26857029
hellyeahplay,76441880
ibai,83232866
icebergdoto,115842730
imls,26513896
heyimbee,26903378
holisofi,590577283
honeypuu,158388504
iateyourpie,27787567
heitir,182813308
igromania,43534020
gutitubo,70947583
hannahxxrose,63096750
hanryang1125,103825127
hc_dizee,29157943
iitztimmy,45302947
guanyar,74426799
harmii,113537067
honeymad,40298003
iinwafqht,460209842
hyperrattv,415513756
iblali,11524494
harry,108107277
hatsalsal,148842622
hitpointcz,20607836
hungrybox,30666848
hanjoudesu,524474488
hinas3,76039324
hitchariide,37853510
ijenz,536906710
heavyrainism,111045473
homyatol,21167655
iddqd,123484627
gsxrclyde,114519775
gtawiseguy,62470768
gunnardota2,131202285
handongsuk,139470326
im_dontai,81918254
herdyn,27187962
iaaras2,142932807
iamsometimes,131398260
ikeepittaco,57636576
hotted89,20260659
hycks_,119516103
ibabyrainbow,544502795
guep,90097443
h0llylp,29565445
hasanabi,207813352
hipudding1223,53093900
hera,91402599
hollywood285,132289488
huskerrs,30079255
igestark,68062590
guhrl,55607419
h2p_gucio,36954803
hayashii,29094596
heideltraut,42971110
imdbraz,70256539
gtimetv,60160906
guacamolemolly,181718577
hbomb94,21313349
hitboxking,45329736
jasonsulli,79519117
jerma985,23936415
inscope21tv,38169925
insomniac,232672264
its_iron,411746363
jacob4tv,129779434
jarnoopmeer,96893443
jasonr,103262684
jmjdoc,57069336
jotacanario,88230429
incon,37047104
inoiizy,65293646
iwdominate,25653002
jaidefinichon,30610294
japan_asmr,407510247
jonathanong,156801396
immarksman,15386355
jaggerprincesa,81526980
joewo,209428921
joueur_du_grenier,68078157
inkiiing,48533885
ipav999,71509335
isamu,72684812
jbzzed,114497555
jeffhoogland,30214074
jpctheman_,199208207
imviolet_,252393390
jankz,72592349
jennyan,99351845
jltomy,155601320
johnny3047258,143868710
juice,65411398
ipproducoes,55282332
ironmouse,175831187
itsjstn,52839414
japanese_restream,144740532
jccaylen,213368384
jericho,10397006
insym,75738685
itshafu,30777889
jimrsng,24534372
inseq,491802186
itmejp,10817445
jeathebelle,87438071
jessirocks,87568138
joe_bartolozzi,563908141
jrkz,155642616
jonthebroski,98195200
imnio,46431370
inet_saju,42080143
iskall85,69239046
itswill,43246220
jielun1215,86802045
jongie,129440913
joeykaotyk,76020989
impulsesv,41176642
itsraikz,446543041
itsryanhiga,421560387
jeffaocs,41843151
jeffnam1129,42178931
jinnytty,159498717
jackeyy,219069796
jiozi,159301312
johnwolfe,36536868
jorbs,24687283
josplay,58074830
jugipelaa,137098953
jezuzjrr,502329433
jolavanille,574802385
izakooo,36717908
jamezconer,122582895
jankos,6094619
jasper7se,77415295
jcorko_,165478707
jeeltv,114119743
joshog,54706574
jonbams,28252159
imsofresh,52616898
itssammyp,84168533
izunatop,415731592
jay3,133220545
jimmyboyyy,49035758
jinu6734,131925215
inecr7024,137724490
jackmanifoldtv,112078171
jakenbakelive,11249217
jdm2088,138117508
jendenise,42843133
jimmyconrad,137361809
improbzz,74657307
isvolcano,130962899
javiermtz,195299952
jesusavgn,34711476
jokerdtv,48082917
imperialhal__,146922206
jahrein,6768122
jeanmago,245829588
jeensoff,51931241
jelty,245226810
juansguarnizo,121510236
kamikatze,107551531
kamiyu666,26088246
kragiee,124604785
kephrii,31582795
kiva,157993775
kr1stw,170869845
kamet0,27115917
karmikkoala,54742538
kennystream,32183344
kamolrf,161315772
kaydop,63675549
kayzahr,109652110
kiguniin,268297838
kkatamina,526763937
julien,85581832
k1ng,270186408
kalei,69588825
knueppelpaste,66551495
krawkmc,260226348
klauslol1,21787709
karlnetwork,638065882
kennzy,51633358
kimdduddi,148934000
kranichhs,68548793
kutcherlol,65757403
kariyu,185618927
kentung,62791493
king_spb,84719816
kinstaar,75701802
kiss_850722,464982050
konvy,674570414
kurt0411,35991862
k3soju,128293484
kannachan524,207356702
karacorvus,109826174
kubon_,28572093
jungtaejune,86126056
karasmai,118241089
kruzadar,90222378
jukeyz,240454766
kiwo,37771090
ko0416,100438963
katevolved,126632539
kimdoe,102845970
kitboga,32787655
kristoferyee,254756234
jukes,77208443
kaanflix,236619638
karljacobs,124442278
kennys,39393023
khandbl,408882505
kinggeorge,117379932
kspksp,456798977
kss7749,81441754
justaminx,134609454
keanelol,74505272
keife_,107992372
kanetv8,130433306
karchez,91136321
kareykadasha,601516488
kato_junichi0817,545050196
killercam1020,78348669
jujalag,521583209
just_lina,114006318
kalach444,436868771
kumikomii,86403736
knightmar3frame,131851325
koil,26469355
kubx,130530322
kl0uff,192732191
knekro,152633332
komanche,100625840
koreshzy,165295605
kostbii4,125743714
jynxzi,411377640
kidi,32212533
kittenclubhouse,648692103
kennybeats,477294350
kestico,524550694
klean,126436297
justcooman,63667409
kangqui,31265359
katoo,91647183
kertus,179279586
kiuqsxn,109166621
kongfue,40840784
kurumx,20795350
just_ns,42316376
k13tv,99765615
kandyland,57865494
krayn_live,55434616
kuiki771,259694951
kaicenat,641972806
kendinemuzisyen,79087140
kiyoon,117783070
keznit1,143776262
kingshart,645570615
kasix,102098555
kate,73625408
keeoh,151819490
luidematos,552743899
lukisteve,89951849
kyr_sp33dy,11001241
lacari,29400754
lobosjr,28640725
kyedae,445529741
lol_madlife,146584003
lol_woolf,146549780
lolpacifictw,485855940
lospollostv,61433001
lachilenabelu,170079505
lacobraaa,97241758
locklear,137347549
lethalfrag,23460970
littleragergirl,167100879
lol_nemesis,86131599
lovelyyeon,142012105
kyo1984123,119497908
la_miniera,75999663
lazvell,48677263
lol_ambition,152596920
longwu1216,85412250
lordbs,40826049
lotharhs,49335974
loud_babi,569320237
lcs,124420521
litkillah,541318059
lokonazo1,38808314
lvndmark,427632467
lvpes2,42028083
lineage2es,87646452
m4fgaming,429600778
lec,124422593
lestream,147337432
lightinthefog,674330140
looksam,62356185
lifecoach1981,58351323
linkus7,36066935
lla,142055874
lco,641991386
liok0485,445859940
lvpes,22346597
loltyler1,51496027
leffen,53831525
limmy,10386664
lizzvega,77048073
lunaoni,50127647
lysium,44574567
lilsimsie,109809539
loserfruit,41245072
lumeifei,35860120
littlebigwhale,121652526
loud_coringa,569325723
latesitoo,134037766
lelisdota,39777954
letshe,182427515
luckyghost,161444554
luisormenoa27,175779148
lyon3k,107957221
linfufu,141055390
ljh0328,133773012
lpl,124425627
liminhag0d,77573531
lirik,23161357
loeya,166279350
loru77,242993644
loud_thurzin,569327531
kyle,154425624
lapi,44806759
lilballzlolz,82387617
low4n,35828637
luckychamu,143646010
lett,166136550
lightfurylf,146982508
lilypichu,31106024
llobeti4,111297998
lolypokicake,410299002
lebouseuh,96562014
legoo,138111494
leopard,16995144
loopooyt,106647842
lol_cuvee,153036354
loud_jordan,660006987
m0xyy,69012069
ma_mwa,161982841
maailinh,84495343
kyliebitkin,41568677
leehunnyeo,137612832
leynainu,61974931
lobanjicaa,126902046
lpgjustjohnny,88239974
lubatv,142546050
lucroan,24823694
lululuvely,94875296
lck,124425501
leechunhyang,138391313
lenonns,133136019
luzu,66370849
lyonwgflive,31561517
m3traneo,75645599
maximilian_dood,30104304
maximusblack,23945610
mayapie1,36464131
mimiluckying,102192603
mitchflowerpower,23317308
momonkunn,35999968
mandzio,24558341
maciejay,122320848
magical,45106244
matsuri_hs,157825412
mazarin1k,27186524
mcgribbles,90387538
membtv,2400710
mendo,57717183
maau,47594707
miikelmst,53567674
mistercop,57116735
menostrece,85652487
makatao,44057119
maya,235835559
method,121649330
mightyteapot,44034733
mistermv,28575692
mlchoins,134639274
mokouliszt1,50967098
magenta62,275644615
momo_sports,506718746
marinemammalrescue,538506717
melharucos,26819117
merk,41652
misilia,38503824
mister903,147090450
mizkif,94753024
moistcr1tikal,132230344
majuuzinha,266164775
matimi0,24198048
maxim,172376071
maximum,42490770
masondota2,40754777
mande,128856353
mang0,26551727
maxi,171868899
mckytv,101572475
metashi12,56489971
miniuwa,31115561
minos,63985840
malinkaa98,248388278
mobuckets,267948159
mathil1,25575995
maty,126324637
meteos,38708489
mikeshowsha,53097223
miltontpike1,153314610
mithrain,79442833
markitonavaja,494026769
maghla,131215608
mastersnakou,42141251
matteohs,124318726
memayoi,158468030
mickalow,30709418
mmorpg,41684297
mabzouel,77148737
mailand,61776958
makina,30685416
masayoshi,46673989
masteerxd,248926175
mastertay,29214396
melchior,85977125
micaelala,484399092
magixxlff,236196220
mitdamm,485312080
mobilmobil,29518572
moman,18887776
michel,75891532
matafe_,54185820
mattrp,20608838
meikodrj,187352927
midbeast,92113890
macaiyla,43126328
mixwell,96116107
ml7support,51929371
methodz,40541068
marzzzzy,213104821
meowko,195326003
missasinfonia,46094501
mahdiba,112523183
mehdideluxe,136784171
mehdochelive,169558955
melina,409624608
manyrin,53999900
ming,40114747
momo,38852102
marex,161006524
mery_soldier,95865289
miniminter,39894746
mahluna,151883075
markilokurasy,75802639
mayichi,94055227
mistafaker,45912780
manvsgame,8330235
mouzakrobat,97903976
mr_wuco,80731615
natehill,181224914
nightblue3,26946000
moonryde,48192899
nakoo_fn,422770569
naru,38287412
naughty,154452148
nihachu,123512311
mynthos,28585164
mrbboy45,21080562
mrcreatifee,277112216
mrsoki,48437708
mujs_,257049727
murdercrumpet,277057209
nahzinhaa,122734645
nba2kleague,209348876
mongraal,133705618
nezak_,179144678
nimuvt,495899004
nitenightkid,48946894
nephtunie,130178840
muse_tw,451374597
natarsha,99591839
nein1203,64855800
neutren,44371628
noardra,228062669
mudynxd,134118008
nba,152984821
newbz,121902166
niklaswilson,501438035
nobletofu,148393319
nodolly,131664608
nanayango3o,137640527
msstudio,406654859
mst3k,105623158
naseongkim,103991968
nenecreative,106594300
nick28t,49303276
nickmercs,15564828
nohandsgamer,188965645
mr_mammal,44858482
nanajam777,150664679
nateos,267603990
nefastone,263392353
nicewigg,415954300
nickdaboom,54319112
mutex,98506045
murda,78397626
myth,110690086
naguura,39159998
neoness007,62502182
nerdstreet,97876585
nikof,110119637
noctisak47,141414675
move_mind,104320683
navcia,41180913
nemo_good,161835870
nniru,460120312
noahreyli,146994920
naded,4331474
multiplayerit,48199446
natalan,189260132
natsumiii,42177890
nmplol,21841789
moondye7,35933008
mount,58115154
murilosoo,202987684
mym_alkapone,31478096
mysportsch,586801846
neimki,690743438
ness,106690387
nix,67708794
moonmoon,121059319
mrstiventc,517677074
mywtheking,42120234
nbcolympics,492141441
nikolarn,66272442
ninja,19571641
mrsheeplive,169153562
mymtumtum69,42999001
nannitwitch,513749125
nissaxter,42351942
nobru,506590738
monstercat,27446517
msmsms213,138117005
muangfang,687696459
mulder,114010306
naowh,53649632
nikitonipongotv,127443997
monodie,138657790
mukai_fps,131574416
mushway,81432617
nickeh30,44424631
nidas,138907338
montanablack88,45044816
mortenroyale,135558945
never_loses,29722828
nl_kripp,29795919
moogrr1211,110345640
petezahhutt,21837508
noway4u_sir,85397463
nuuhfps,54387112
nymn,62300805
ocalheiros,95032018
ohtofu,96235256
otplol_,622498423
parkseorim,140179881
petrusco2,26024816
piecesgg,513738522
nokduro,137687203
officialandypyro,46021592
olesyaliberman,184147110
omofficial,491625140
patopapao,35647075
payo,59624901
pieman,122881889
obsessiontwitch,148147054
odablock,177730578
odpixel,68406726
papaplatte,50985620
pchal,111971097
pengu,85956078
peroniaxdeluxe,74571203
okcode,410965603
overpow,8822303
pakusyo,145178632
peterpark,124494583
phunkroyal,21431060
ogmeik,466198311
paulanobre,55660184
pch3lk1n,48978939
nowayzao,195680504
oonolive,70983894
peereira7,182714869
novby,250364631
nukomaro2020,464480572
paoloidolo,29750090
pato,262480800
phyzikk,73522739
piazztwitch,131342532
orslok,25058448
northernlion,14371185
nugiyen,30967548
oestagiario,252606559
olyashaa,104717035
ookina,128544632
ops1x,185619753
orangemorange,95603047
paka9999,164459256
pankyy,82388424
papomc,536794313
paradeev1ch,515044370
patriota,28703999
pestily,106013742
pietsmiet,21991090
nosoyunytuber,422911605
okingbr,443654989
okyyy,462594741
ovotz,210014596
pathofexile,35821635
pavelskibh,153467048
peachfps,44391234
nyanners,82350088
obm1025,166079347
onscreen,27121969
pathofexilebota,232372312
pg_esports,52650914
noraexplorer,173164131
orkpod,44162266
pace22,31457014
paladinsgame,94706671
pearlescentmoon,75366734
pgod,198434884
noobowl,59703165
numotthenummy,26302559
otzdarva,61812950
pacific8815,81857784
pantoufl,35806568
perxitaa,35980866
northwar,29912693
nuke73,27954235
philza,3389768
ogadotapit,59168409
oyunfatiihi,276315580
p4wnyhof,71672341
pevor13,91538537
paymoneywubby,38251312
ogaminglol,71852533
ogamingsc2,71852806
olsior,40653495
oniyadayo,605425209
ovationesports,498585966
pabellon_4,514595736
pago3,29468517
pieface23,52615982
noko,37175851
notmes,38878346
nwslofficial,489387026
penta,84316241
ray,85875635
pikabooirl,27992608
pompeyo4,118220323
posty,135377687
prizzaa,225886040
pubg_battlegroundstr,149232299
pulgaboy,48340211
ramee,95873995
razerninjas,65428174
recrent,39154778
pijack11,48898260
playhard,66934438
raeyei,134661043
rakanoolive,119638640
rdulive,59965916
ploo,102731041
polsatgames,253036018
qttsix,16677765
quattroace,134593986
purple_hs,84553934
quarterjade,173758090
reetlol,269835621
putupau,74547134
pwgood,116738112
qq7925168,53395686
rax1337,28213443
raxxanterax,24482705
pisicela,32027530
popo,91229603
pubg_battlegrounds,127506955
qsnake,71558231
randombrucetv,85463072
prodigyddk,45973707
punz,217965779
rainbow6br2,563259666
rakyz,54392876
pikra10,194230187
psychoghost,39067173
ratirl,57292293
ratoborrachudo,51891532
rebirthztv,49839696
pjs9073,134586700
quantum,41467289
ratedepicz,50237189
pizfn,236507843
pokelawls,12943173
pokerstars247,225772624
polypuff,79297907
ponce,50597026
primeleague,463176517
pusa6019,182779724
razah,68727743
redbeard,111589942
relaxbeats,153859298
ranboolive,489155160
pimpimenta,102346837
pollynette,106828118
potionshoptv,26603977
quackity,48526626
rainbow6br,132106826
rainbow6latam,233992790
rainbow6tw,204902476
ray__c,107305687
pow3r,38499199
projektmelody,478575546
psherotv,26341777
purplebixi,209139976
qrushcsgo,104435562
qtcinderella,247808909
reitathefps,39467114
reidboyy,42175924
preachlfw,23857542
pubgkorea,238141340
qq102qq,501734466
quin69,56649026
raderaderader,492615508
rainblue37,49655919
rakin,44099416
rekkles,35739604
reeze,80474667
portialyn,151249156
potasticp,501717654
pqueen,177249859
qlnek,40855047
quickhuntik,105244994
rainbow6,65171890
ramez05,42320398
pokimane,44445592
pronoobicx,468417934
ranboobutnot,663294488
ranger,110892046
reborn,109492660
pubgjapan,179988448
purpled,490245656
q158688920,26766376
quickybaby,30623831
rainbow6de,76457409
raizqt,36259794
realzbluewater,62595539
rekinss,96812687
rumathra,41567638
rybsonlol_,123180725
sanchovies,115659124
sandbox_go,419523951
savyultras90,3818382
schwabbeltown,140714397
riotgamesru,72977645
rezo,622545020
rhffkddl96,415776561
rockstarcr,183246771
runthefutmarket,143759910
saiiren,153176290
sal_gu,127718836
replays,146790215
richard_hammer,46945963
roshtein,72550899
rubberross,10904915
s1032204,138689767
saintone,48827570
rollingloud,241562355
rizzo,23097521
rkdwl12,149188013
rlgus1006,490638667
roidie,66363279
roieee,132954880
rtgame,88547576
sabaku_no_sutoriimaa,111040032
retrogaijin,70795534
saltyteemo,50815446
resttpowered,50063424
rewinside,46780407
rkdthdus930,144200210
rnakano,90917536
robn,61212355
ryuquezacotl,39392583
sackzi,139504995
relaxing234,26779624
sapnaplive,638077636
rob2628,36998510
robbaz,71336
rraenee,145202260
sabsdenada,579517357
sacriel,23735582
samsaberi,115090564
riotgamesturkish,36513760
rngudwnswkd,137604582
robnic,70473299
rogerbrown,15876918
rotterdam08,22365608
rvnxmango,76728281
s1mple,60917582
revenant,38446500
reverse2k,68292748
rigoncs,42820071
rivenzi,32053915
ruben,84946492
sacy,25116812
repullze,118202507
robcdee,169185650
robinsongz,60672785
roxmiral,70924840
saddummy,30904062
sashagrey,421838340
rhobalas_lol,151874024
riotgamesjp,104833324
rocketbeanstv,47627824
sah_yang,139060194
savjz,43131877
scarra,22253819
repaz,101020771
ricoy,96604083
rollingstone,592288540
sardoche,50795214
rickyedit,115657971
revedtv,97123979
richwcampbell,127463427
rooftopcat99,138686063
russel,70682869
remsua,416083610
rubsarb,125093246
saltybet,43201452
sasatikk,67519684
rescue,92655587
revolta,40748114
rifftrax,7832442
rogue,64581694
rootthegamer,723361024
rudbeckia7,46834933
runner0608,149397653
sapnap,44332309
restiafps,126595970
reversal,61839721
riotgames_korea,107870305
roflgator,11897156
rokkeks,793826266
rubius,39276140
rudex,267394896
ryux,175229703
reventxz,40110994
sajam,1527327
sir_thomas_,71619324
slick,98274770
smallant,117349875
sn400ja,25247111
scoped,193270950
setty__,227101767
sh4dowehhh,47716614
shadowkekw,465131731
smurf_tv,182899347
scrapie,40646018
sidoka_ns,191614717
sinatraa,138094916
slrabbit99,28990891
smitegame,31500812
sneegsnag,24057744
shinimon,36198475
silent,32402794
sirmaza,39518378
smashley,40601000
sixentv,38009333
sixwong,7995300
skyshocktv,29249710
smittyw,40857595
shibuya_kaho,496970086
shisheyu,62989856
silphtv,138009898
silvername,70075625
sips_,26538483
sleepypuffy,669411046
scumtk,142907660
shubble,31063899
shurjoka,46544012
sick_cs,77165632
slop3,7093315
scump,13240194
sereda,265053976
SirNeontw,242009688
sloot,29363507
skill4ltu,110775952
smzinho,37705807
ses836,48731544
shlorox,40784764
shuteye_orange,25202416
sidneyeweka,135177864
snoodyboo,135629563
sequisha,25458544
shackyhd,63033449
skyyart,70298660
smoke,70880222
selis13,178763618
shiphtur,26560695
silentsentry,56625428
smaczny,25452828
sintica,35884167
slysssa,142199256
smokaloke,51486023
seals311,117209801
shenpai,25821344
shivfps,128149102
silithur,31220977
silvervale,56938961
skyrroztv,52349411
serpent,49901658
shaunz,43102846
shotz,112822444
shoxx__,103495737
sirhcez,27934574
sleepy,135052907
snaggymo,134965839
sekapoko,47485986
sgtgrafoyni,95932575
shroud,37402112
sick_nerd,49408183
shofu,4073179
shookwon,41283727
shtan_udachi,89288528
skswhdkgo1,429533286
sco,12665
scripe,55943318
sees360,468031986
sheriffeli,144555242
slayproxx,57361005
sneux,137089044
snip3down,21270244
sinksr,119373619
sjow,22588033
slipix,89204267
snipernamedg,42061614
shenryyr,44173074
sirolopez56,610935997
sizer0346,79086834
skipnho,63602976
simply,35780889
singsing,21390470
sneakylol,24538518
shadoune666,36533048
shahzam,38433240
shayvictorioo,121887478
silky,451786566
so_urf,153038708
spygea,10985633
staryuuki,167189231
sunbaconrelaxer,94908847
syaruru3,123278702
sommerset,277945156
soyfelipez360,107627864
stanz,36221636
staysafetv,29899360
steelohs,76933563
stero2d,180726259
superevan,47703889
sweetcampercs,48093884
tanukininja,143662611
sodapoppin,26301881
solaryfortnite,198506129
spoonkid,119925910
stevewillsendit,450775736
snow_hite,191255489
snuffy,515567425
sofikimmy,109093498
sola,44864184
sologesang,139208197
sonii,73469143
steelmage,57317154
strippin,23179441
stylishnoob4,50988750
subroza,40965449
sunbaking,114774737
takeshi,37370325
tanizen,40299581
solary,174955366
spammiej,26290555
spursito,104455653
squeezie,52130765
squishymuffinz,90018770
tado87,26465197
takesipon,22596190
sodtz,109280916
stableronaldo,246450563
stormen,101936909
stray228,40488774
sujagg,96564203
surrenderhs,96883432
sovietwomble,67802451
sparkofphoenixtv,36464115
speedgamingportugues,411814005
spell316,518016053
streamerhouse,44741426
swagg,39724467
snowmixy,50911855
socialboomtv,458380257
souzasoul,187446013
strogo,233741947
surefour,2982838
swehyt,113736015
sydeon,244407024
sypherpk,32140000
solorenektononly,30227322
soursweet,85834498
soypan,57993352
spoopykitt,159239770
staiy,48865821
stolenbr,39711157
superjj102,58352686
sonecarox,71440174
supertf,59635827
sylveey,175383693
t90official,92957305
speedmanq,47433731
surugamonkey0113,90131691
sooflower,419795496
stevesuptic,10180005
sweet_anita,217377982
sykkuno,26154978
symfuhny,31688366
tanxlive,79787770
sonycast_,137404969
speedrunsespanol,79774729
sweatcicle,96706929
solaryhs,416031592
spaceboy,61312447
ssaab,116888929
summit1g,26490481
sushint,101718787
sweetdreams,143726713
swimstrim,143357760
solidfps,97782735
spyro_za,172430119
srserpiente,30805171
starsmitten,61852275
stylerz,55970469
suetam1v4,228371036
tanzverbot,43548655
tapl,132083317
stopgameru,47954096
summonersinnlive,40336240
suri,159099058
sweepsgg,447077135
takulz,667463132
taylor_jevaux,469348555
tcec_chess_tv,180854563
tealzlol,96161253
teegrizzley,431882702
teknoyd,121555768
tenha,239474978
tsm_viss,90020006
teepee,23844396
thestockguy,249820319
toeiii,152358509
tommyinnitalt,556173685
tpain,117083340
trick2g,28036688
tubbolive,478701870
topsonous,153670212
tarik,36340781
tarzaned,123782776
tgltn,103259021
thebubbaarmy,118342490
therunningmanz,69824993
tiburci0,85206619
timbo,49413110
tteuw,47119647
thekller,36009345
tmxk319,148057505
tradersamwise,566380239
trainwreckstv,71190292
tru3ta1ent,48286022
tecone,100630863
the_happy_hob,87803283
thechief1114,53904523
therealmarzaa,89600394
timthetatman,36769016
tixinhadois,32115632
team_spiritzero,63563054
tetristhegrandmaster3,47281189
th3antonio,39115143
thedeluxe4,11198364
thegeekentry,124651013
thump,111518512
tinakitten,42032495
tranth,42848761
trashtalkfr,150315224
tuonto,98078101
teosgame,98099061
thdlock,23518699
thisisnotgeorgenotfound,654556126
tinkerleo,71968056
tomato,43784278
torona1,192200166
tectone,27717340
thedandangler,435049951
themystic7hwd,171122649
thomefn,195007466
timmac,9244832
tonton,72480716
toqtir,97716686
torro,99121518
trymacs,64342766
taxi2g,136822306
tenz,70225218
tolkin,181357564
tommykaylive,157636141
tenekekafalar_tk,134927899
theguill84,36318615
thejrm_,412114748
thenicolet,197406569
traytonlol,81446331
trilltko,110027977
taspio,484404305
thealvaro845,69564524
thedarkness,52614128
tommey,25736477
tubbo,223191589
tsm_theoddone,30080840
teamsp00ky,11152602
thebausffs,93869876
theboisantana,196668687
theviper,30382440
thijs,57025612
tobias,473183066
tpabomah,265940345
tfblade,59308271
tfue,60056333
titodami,472254606
tntsportsbr,124640241
trymacskaktuskoenig,571613121
thegrefg,48878319
therealknossi,71588578
trinity,40383341
tumblurr,77827128
thebenbig,64068940
tiagovski555yt,246532465
tiankami,95645837
tobiasfate,91137296
towelliee,20694610
trilluxe,55898523
thaldrinlol,46595619
tommyinnit,116228390
truegeordie,553122896
uthenera,28541821
valorant_jpn,544210045
wayne75525,40656652
umggaming,112837021
unsanitylive,7167763
videoyun,24233423
wardell,100182904
weplaycsgo,50938009
wirtual,92271663
wkgml,138542600
woowakgood,49045679
uhsnow,122887284
urbanaplayfm,642520006
wagnificent,109341125
twitchpresentskr,474884128
vysotzky,96308352
velox,109778370
vgumiho,50686586
whitespaa,551906487
wingz,73915127
unlostv,83399952
vei,97245742
unclebjorn,73477451
wintergaming,25766032
twaryna,19721626
twitchrivals,197886470
weak3n,25220420
x2twins,189290002
vadeal,487318498
valeria7k,192376620
vlesk,26707784
willneff,122888997
wolfabelle,190146087
wudijo,61438909
valorant_la,544213766
vinnie,208189351
westcol,168732568
willerz,118155820
withzack,128268757
wearethevr,63493039
welyn,128892121
whippy,28564152
wingsofdeath,30171560
unsympathisch_tv,79769388
valorant_br,502014446
valorant_kr,575804071
werlyb,30357893
unboxholics,68246485
unicornio,61519248
warframe,31557216
winghaven,41790550
woohankyung,455679396
wtf_winds123,29546745
twayko,185163242
voodoosh,87481167
tyler_ygg,52379691
vaporadark,38276909
vicens,101395464
voyboy,14293484
wackyjacky101,91103221
waitou1117,88217136
twitchsports,232867781
tyceno,100048582
twitchfarming,438349822
ultia,68594999
valorant,490592527
vargskelethor,28219022
venruki,21302211
vercetti,416781017
tvander,132279966
twincytv,440140011
warchiwar,40282149
warcraft,37516578
wardiii,26973975
welovegames,30814134
vivalafazza,131917576
wankilstudio,31289086
whaazz,68266211
wilbursoot,185048086
x6flipin,27757893
uzra,11692694
versuta,21802540
uberhaxornova,7010591
uselessmouth,22877031
vanotica_,189420367
vgbootcamp,9846758
viperdemon,39150803
vitapvpey,74051603
twitchkr,103368190
tyongeee,432065909
vovo,136189230
wtcn,51950404
wingo,41384425
wismichu,30504119
witwix,11558942
wolfeyvgc,105714465
worldofwarships,182565961
valle,179597489
weathernewslive,471136540
xo_trixy,125323544
youngmulti,28141853
yourpelagea,183581994
zzamtiger0310,120568022
ydcb,77140862
zakl1k,192202755
zeko,101448647
zizaran,36483360
xcry,96246531
xnapycz,27370971
ybicanoooobov,68950614
yomax,74391737
yumyumyu77,156748712
zapman,26302544
zerkaa,13884994
zigueira,32171655
znebtv,140757037
xargon0731,47250099
yamatonjp,57962435
yoowooyang,137952746
yumytv,17206877
zanki0h,23138164
zony,101286926
zubatlel,131376461
xhibaoger,25086797
xthesolutiontv,56040562
yapyap30,103861159
yetz,27680990
yourfriendkyle,94247604
yourragegaming,36926489
zed99_lol,140116025
zok3r,36061968
zoodasa,138287817
zormanworld,65876095
xari,88301612
xlice,73362563
yayahuz,194749904
yuggie_tv,235634967
zakvielchannel,44407373
zerobadass,28526571
zwave69,275272993
xposed,106065411
yunzinseok,427703203
zanoxvii,75830338
zerator,41719107
ziggy,45453222
ziggydlive,45302347
yogscast,20786541
zaayonyt,98571070
zeplahq,133394398
zeroyalviking,1845004
zwebackhd,43650535
yassuo,121203480
yd0821,103440455
yvonnie,45184940
zackrawrr,552120296
zrush,15027034
xchocobars,42583390
xhiet0,416719291
yosoyricklive,204708397
zondalol,30141561
xcaliburye,67416440
xkwhd,175163251
yugyungwoo,78648925
zeling,58753574
zilioner,66375105
zoil,95304188
xewer,88524154
xiuder_,160489367
xmerghani,65866610
xpandorya,35893764
xqc,71092938
xth0rek,69616738
yuna,41678000
zade,49508092
zanfas_cenegal,206865739
zexrow,83026310
zhiting_li,689077787
zloyn,22814674
xn0rth,43483007
yang,27349448
yoda,47071880
zynxyz,39383136
xakoh,38461708
xaryu,32085830
xhankyy,48870826
yoshi93,89389801
yoshinama222,516315196
yuniko0720,57775220
zaelia,13101446
zemie,104632789
zentreya,128440061
zombie_barricades,36125736
zombs,47180661
zoomaa,105584645
zorlakoka,43045369
xxxthefocusxxx,431460701
zrool,50807694
zunksoyyo,183495243